{"cameraMode":{"drawMode":0,"name":"Shaded","section":"Shading Mode"},"sceneLighting":true,"audioPlay":false,"sceneViewState":{"m_AlwaysRefresh":false,"showFog":true,"showSkybox":true,"showFlares":true,"showImageEffects":true,"showParticleSystems":true,"showVisualEffectGraphs":true,"m_FxEnabled":true},"in2DMode":false,"pivot":{"x":5.134886741638184,"y":1.9235656261444092,"z":0.15354889631271363},"rotation":{"x":0.04964372143149376,"y":0.8686608672142029,"z":-0.48486781120300295,"w":0.08891871571540833},"size":3.741119146347046,"orthographic":true}